v-sweep;V(/out1);user1;
0;1.8;-1.62794e-06;
0.001;1.8;-1.53569e-06;
0.002;1.8;-1.50003e-06;
0.003;1.8;-1.53105e-06;
0.004;1.8;-1.57279e-06;
0.005;1.8;-1.61587e-06;
0.006;1.8;-1.66024e-06;
0.007;1.8;-1.70576e-06;
0.008;1.8;-1.75241e-06;
0.009;1.8;-1.80031e-06;
0.01;1.8;-1.84985e-06;
0.011;1.8;-1.9005e-06;
0.012;1.8;-1.95247e-06;
0.013;1.8;-2.00596e-06;
0.014;1.8;-2.06089e-06;
0.015;1.8;-2.11744e-06;
0.016;1.8;-2.17518e-06;
0.017;1.8;-2.23516e-06;
0.018;1.8;-2.29661e-06;
0.019;1.8;-2.35941e-06;
0.02;1.8;-2.42395e-06;
0.021;1.8;-2.49044e-06;
0.022;1.8;-2.55885e-06;
0.023;1.8;-2.62873e-06;
0.024;1.8;-2.7006e-06;
0.025;1.8;-2.77498e-06;
0.026;1.8;-2.85137e-06;
0.027;1.8;-2.92955e-06;
0.028;1.8;-3.00968e-06;
0.029;1.8;-3.09219e-06;
0.03;1.8;-3.17727e-06;
0.031;1.8;-3.26404e-06;
0.032;1.8;-3.35359e-06;
0.033;1.8;-3.44575e-06;
0.034;1.8;-3.54048e-06;
0.035;1.8;-3.63749e-06;
0.036;1.8;-3.73707e-06;
0.037;1.8;-3.83974e-06;
0.038;1.8;-3.94511e-06;
0.039;1.8;-4.05337e-06;
0.04;1.8;-4.16454e-06;
0.041;1.8;-4.27896e-06;
0.042;1.8;-4.39597e-06;
0.043;1.8;-4.51668e-06;
0.044;1.8;-4.641e-06;
0.045;1.8;-4.76827e-06;
0.046;1.8;-4.89892e-06;
0.047;1.8;-5.03339e-06;
0.048;1.8;-5.17163e-06;
0.049;1.8;-5.31356e-06;
0.05;1.8;-5.4594e-06;
0.051;1.8;-5.60909e-06;
0.052;1.8;-5.76322e-06;
0.053;1.8;-5.92137e-06;
0.054;1.8;-6.08381e-06;
0.055;1.8;-6.25049e-06;
0.056;1.8;-6.42217e-06;
0.057;1.8;-6.59859e-06;
0.058;1.8;-6.77957e-06;
0.059;1.8;-6.96597e-06;
0.06;1.8;-7.15689e-06;
0.061;1.8;-7.35325e-06;
0.062;1.8;-7.55534e-06;
0.063;1.8;-7.76252e-06;
0.064;1.8;-7.97556e-06;
0.065;1.8;-8.19458e-06;
0.066;1.8;-8.41935e-06;
0.067;1.8;-8.65043e-06;
0.068;1.8;-8.8879e-06;
0.069;1.8;-9.1317e-06;
0.07;1.8;-9.38248e-06;
0.071;1.8;-9.6396e-06;
0.072;1.8;-9.90432e-06;
0.073;1.8;-1.01764e-05;
0.074;1.8;-1.04554e-05;
0.075;1.8;-1.07421e-05;
0.076;1.8;-1.1037e-05;
0.077;1.8;-1.13403e-05;
0.078;1.8;-1.16513e-05;
0.079;1.8;-1.19707e-05;
0.08;1.8;-1.22994e-05;
0.081;1.8;-1.26369e-05;
0.082;1.8;-1.29832e-05;
0.083;1.8;-1.33395e-05;
0.084;1.8;-1.37057e-05;
0.085;1.8;-1.40816e-05;
0.086;1.8;-1.44677e-05;
0.087;1.8;-1.48646e-05;
0.088;1.8;-1.52727e-05;
0.089;1.8;-1.56917e-05;
0.09;1.8;-1.61216e-05;
0.091;1.8;-1.65642e-05;
0.092;1.8;-1.70185e-05;
0.093;1.8;-1.74848e-05;
0.094;1.8;-1.79647e-05;
0.095;1.8;-1.84573e-05;
0.096;1.8;-1.89635e-05;
0.097;1.8;-1.94836e-05;
0.098;1.8;-2.00175e-05;
0.099;1.8;-2.05664e-05;
0.1;1.8;-2.11305e-05;
0.101;1.8;-2.17094e-05;
0.102;1.8;-2.23045e-05;
0.103;1.8;-2.29163e-05;
0.104;1.8;-2.35445e-05;
0.105;1.8;-2.41896e-05;
0.106;1.8;-2.48524e-05;
0.107;1.8;-2.55334e-05;
0.108;1.8;-2.62334e-05;
0.109;1.8;-2.69525e-05;
0.11;1.8;-2.76907e-05;
0.111;1.8;-2.84491e-05;
0.112;1.8;-2.92288e-05;
0.113;1.8;-3.00298e-05;
0.114;1.8;-3.08519e-05;
0.115;1.8;-3.16968e-05;
0.116;1.8;-3.25654e-05;
0.117;1.8;-3.34573e-05;
0.118;1.8;-3.43734e-05;
0.119;1.8;-3.53145e-05;
0.12;1.8;-3.62812e-05;
0.121;1.8;-3.72746e-05;
0.122;1.8;-3.8295e-05;
0.123;1.8;-3.93433e-05;
0.124;1.8;-4.04202e-05;
0.125;1.8;-4.15264e-05;
0.126;1.8;-4.26629e-05;
0.127;1.8;-4.38301e-05;
0.128;1.8;-4.50289e-05;
0.129;1.8;-4.62611e-05;
0.13;1.8;-4.7527e-05;
0.131;1.8;-4.88268e-05;
0.132;1.8;-5.01621e-05;
0.133;1.8;-5.15337e-05;
0.134;1.8;-5.29427e-05;
0.135;1.8;-5.43905e-05;
0.136;1.8;-5.58775e-05;
0.137;1.8;-5.74045e-05;
0.138;1.8;-5.89732e-05;
0.139;1.8;-6.05856e-05;
0.14;1.8;-6.22408e-05;
0.141;1.8;-6.39408e-05;
0.142;1.8;-6.56879e-05;
0.143;1.8;-6.74825e-05;
0.144;1.8;-6.93255e-05;
0.145;1.8;-7.12189e-05;
0.146;1.8;-7.31632e-05;
0.147;1.8;-7.51605e-05;
0.148;1.8;-7.72124e-05;
0.149;1.8;-7.93198e-05;
0.15;1.8;-8.14849e-05;
0.151;1.8;-8.37083e-05;
0.152;1.8;-8.59917e-05;
0.153;1.8;-8.83375e-05;
0.154;1.8;-9.0747e-05;
0.155;1.8;-9.32215e-05;
0.156;1.8;-9.57636e-05;
0.157;1.8;-9.83742e-05;
0.158;1.8;-0.000101056;
0.159;1.8;-0.00010381;
0.16;1.8;-0.000106639;
0.161;1.8;-0.000109544;
0.162;1.8;-0.000112527;
0.163;1.8;-0.000115593;
0.164;1.8;-0.000118741;
0.165;1.8;-0.000121973;
0.166;1.8;-0.000125293;
0.167;1.8;-0.000128704;
0.168;1.8;-0.000132206;
0.169;1.79999;-0.000135803;
0.17;1.79999;-0.000139497;
0.171;1.79999;-0.000143291;
0.172;1.79999;-0.000147187;
0.173;1.79999;-0.000151189;
0.174;1.79999;-0.000155299;
0.175;1.79999;-0.000159519;
0.176;1.79999;-0.000163853;
0.177;1.79999;-0.000168304;
0.178;1.79999;-0.000172874;
0.179;1.79999;-0.000177569;
0.18;1.79999;-0.00018239;
0.181;1.79999;-0.000187339;
0.182;1.79999;-0.000192423;
0.183;1.79999;-0.000197643;
0.184;1.79999;-0.000203004;
0.185;1.79999;-0.000208509;
0.186;1.79999;-0.000214161;
0.187;1.79999;-0.000219965;
0.188;1.79999;-0.000225927;
0.189;1.79999;-0.000232048;
0.19;1.79999;-0.000238332;
0.191;1.79999;-0.000244786;
0.192;1.79999;-0.000251412;
0.193;1.79999;-0.000258216;
0.194;1.79999;-0.000265203;
0.195;1.79999;-0.000272376;
0.196;1.79999;-0.000279742;
0.197;1.79999;-0.000287305;
0.198;1.79999;-0.00029507;
0.199;1.79999;-0.000303043;
0.2;1.79999;-0.000311229;
0.201;1.79999;-0.000319633;
0.202;1.79999;-0.000328262;
0.203;1.79999;-0.000337122;
0.204;1.79999;-0.000346218;
0.205;1.79999;-0.000355556;
0.206;1.79999;-0.000365144;
0.207;1.79999;-0.000374987;
0.208;1.79999;-0.000385092;
0.209;1.79999;-0.000395466;
0.21;1.79998;-0.000406116;
0.211;1.79998;-0.000417049;
0.212;1.79998;-0.000428274;
0.213;1.79998;-0.000439796;
0.214;1.79998;-0.000451624;
0.215;1.79998;-0.000463767;
0.216;1.79998;-0.000476231;
0.217;1.79998;-0.000489026;
0.218;1.79998;-0.00050216;
0.219;1.79998;-0.000515642;
0.22;1.79998;-0.000529481;
0.221;1.79998;-0.000543686;
0.222;1.79998;-0.000558266;
0.223;1.79998;-0.000573232;
0.224;1.79998;-0.000588594;
0.225;1.79998;-0.000604362;
0.226;1.79998;-0.000620544;
0.227;1.79998;-0.000637154;
0.228;1.79998;-0.000654202;
0.229;1.79997;-0.000671698;
0.23;1.79997;-0.000689656;
0.231;1.79997;-0.000708085;
0.232;1.79997;-0.000726999;
0.233;1.79997;-0.00074641;
0.234;1.79997;-0.000766331;
0.235;1.79997;-0.000786774;
0.236;1.79997;-0.000807754;
0.237;1.79997;-0.000829284;
0.238;1.79997;-0.000851376;
0.239;1.79997;-0.000874049;
0.24;1.79997;-0.000897313;
0.241;1.79997;-0.000921185;
0.242;1.79996;-0.000945682;
0.243;1.79996;-0.000970817;
0.244;1.79996;-0.000996608;
0.245;1.79996;-0.00102307;
0.246;1.79996;-0.00105022;
0.247;1.79996;-0.00107808;
0.248;1.79996;-0.00110667;
0.249;1.79996;-0.00113599;
0.25;1.79996;-0.00116608;
0.251;1.79995;-0.00119695;
0.252;1.79995;-0.00122862;
0.253;1.79995;-0.00126111;
0.254;1.79995;-0.00129444;
0.255;1.79995;-0.00132864;
0.256;1.79995;-0.00136372;
0.257;1.79995;-0.0013997;
0.258;1.79995;-0.00143661;
0.259;1.79994;-0.00147448;
0.26;1.79994;-0.00151332;
0.261;1.79994;-0.00155316;
0.262;1.79994;-0.00159402;
0.263;1.79994;-0.00163594;
0.264;1.79994;-0.00167893;
0.265;1.79993;-0.00172302;
0.266;1.79993;-0.00176825;
0.267;1.79993;-0.00181463;
0.268;1.79993;-0.0018622;
0.269;1.79993;-0.00191098;
0.27;1.79993;-0.00196102;
0.271;1.79992;-0.00201233;
0.272;1.79992;-0.00206494;
0.273;1.79992;-0.0021189;
0.274;1.79992;-0.00217423;
0.275;1.79991;-0.00223097;
0.276;1.79991;-0.00228915;
0.277;1.79991;-0.0023488;
0.278;1.79991;-0.00240997;
0.279;1.79991;-0.00247269;
0.28;1.7999;-0.00253699;
0.281;1.7999;-0.00260292;
0.282;1.7999;-0.00267052;
0.283;1.7999;-0.00273982;
0.284;1.79989;-0.00281086;
0.285;1.79989;-0.0028837;
0.286;1.79989;-0.00295836;
0.287;1.79988;-0.00303491;
0.288;1.79988;-0.00311337;
0.289;1.79988;-0.0031938;
0.29;1.79987;-0.00327624;
0.291;1.79987;-0.00336075;
0.292;1.79987;-0.00344737;
0.293;1.79986;-0.00353615;
0.294;1.79986;-0.00362715;
0.295;1.79986;-0.00372041;
0.296;1.79985;-0.00381599;
0.297;1.79985;-0.00391395;
0.298;1.79985;-0.00401434;
0.299;1.79984;-0.00411722;
0.3;1.79984;-0.00422265;
0.301;1.79983;-0.00433068;
0.302;1.79983;-0.00444139;
0.303;1.79982;-0.00455483;
0.304;1.79982;-0.00467106;
0.305;1.79981;-0.00479016;
0.306;1.79981;-0.00491219;
0.307;1.7998;-0.00503721;
0.308;1.7998;-0.0051653;
0.309;1.79979;-0.00529653;
0.31;1.79979;-0.00543098;
0.311;1.79978;-0.00556871;
0.312;1.79978;-0.0057098;
0.313;1.79977;-0.00585434;
0.314;1.79977;-0.00600239;
0.315;1.79976;-0.00615405;
0.316;1.79975;-0.00630939;
0.317;1.79975;-0.0064685;
0.318;1.79974;-0.00663147;
0.319;1.79973;-0.00679838;
0.32;1.79973;-0.00696932;
0.321;1.79972;-0.0071444;
0.322;1.79971;-0.00732369;
0.323;1.79971;-0.0075073;
0.324;1.7997;-0.00769533;
0.325;1.79969;-0.00788787;
0.326;1.79968;-0.00808503;
0.327;1.79967;-0.00828691;
0.328;1.79967;-0.00849362;
0.329;1.79966;-0.00870527;
0.33;1.79965;-0.00892197;
0.331;1.79964;-0.00914383;
0.332;1.79963;-0.00937097;
0.333;1.79962;-0.00960351;
0.334;1.79961;-0.00984156;
0.335;1.7996;-0.0100852;
0.336;1.79959;-0.0103347;
0.337;1.79958;-0.0105901;
0.338;1.79957;-0.0108514;
0.339;1.79956;-0.011119;
0.34;1.79955;-0.0113928;
0.341;1.79954;-0.0116731;
0.342;1.79952;-0.0119599;
0.343;1.79951;-0.0122535;
0.344;1.7995;-0.0125539;
0.345;1.79949;-0.0128613;
0.346;1.79947;-0.0131759;
0.347;1.79946;-0.0134979;
0.348;1.79945;-0.0138273;
0.349;1.79943;-0.0141644;
0.35;1.79942;-0.0145093;
0.351;1.7994;-0.0148622;
0.352;1.79939;-0.0152232;
0.353;1.79937;-0.0155926;
0.354;1.79936;-0.0159705;
0.355;1.79934;-0.0163571;
0.356;1.79932;-0.0167526;
0.357;1.79931;-0.0171571;
0.358;1.79929;-0.0175709;
0.359;1.79927;-0.0179942;
0.36;1.79925;-0.0184272;
0.361;1.79924;-0.01887;
0.362;1.79922;-0.0193229;
0.363;1.7992;-0.0197861;
0.364;1.79918;-0.0202598;
0.365;1.79916;-0.0207442;
0.366;1.79914;-0.0212396;
0.367;1.79911;-0.0217462;
0.368;1.79909;-0.0222642;
0.369;1.79907;-0.0227939;
0.37;1.79905;-0.0233355;
0.371;1.79902;-0.0238892;
0.372;1.799;-0.0244553;
0.373;1.79897;-0.0250341;
0.374;1.79895;-0.0256258;
0.375;1.79892;-0.0262307;
0.376;1.7989;-0.026849;
0.377;1.79887;-0.0274811;
0.378;1.79884;-0.0281272;
0.379;1.79881;-0.0287875;
0.38;1.79878;-0.0294625;
0.381;1.79875;-0.0301523;
0.382;1.79872;-0.0308573;
0.383;1.79869;-0.0315777;
0.384;1.79866;-0.032314;
0.385;1.79863;-0.0330663;
0.386;1.79859;-0.0338351;
0.387;1.79856;-0.0346206;
0.388;1.79852;-0.0354232;
0.389;1.79849;-0.0362432;
0.39;1.79845;-0.037081;
0.391;1.79841;-0.0379368;
0.392;1.79838;-0.0388111;
0.393;1.79834;-0.0397042;
0.394;1.7983;-0.0406165;
0.395;1.79826;-0.0415483;
0.396;1.79821;-0.0425;
0.397;1.79817;-0.0434721;
0.398;1.79813;-0.0444647;
0.399;1.79808;-0.0454785;
0.4;1.79804;-0.0465137;
0.401;1.79799;-0.0475708;
0.402;1.79794;-0.0486501;
0.403;1.79789;-0.0497522;
0.404;1.79784;-0.0508773;
0.405;1.79779;-0.0520259;
0.406;1.79774;-0.0531985;
0.407;1.79768;-0.0543955;
0.408;1.79763;-0.0556173;
0.409;1.79757;-0.0568643;
0.41;1.79751;-0.0581371;
0.411;1.79746;-0.059436;
0.412;1.7974;-0.0607616;
0.413;1.79733;-0.0621143;
0.414;1.79727;-0.0634945;
0.415;1.79721;-0.0649028;
0.416;1.79714;-0.0663397;
0.417;1.79707;-0.0678055;
0.418;1.79701;-0.0693008;
0.419;1.79694;-0.0708262;
0.42;1.79686;-0.072382;
0.421;1.79679;-0.0739688;
0.422;1.79672;-0.0755872;
0.423;1.79664;-0.0772375;
0.424;1.79656;-0.0789204;
0.425;1.79648;-0.0806364;
0.426;1.7964;-0.0823859;
0.427;1.79632;-0.0841695;
0.428;1.79623;-0.0859878;
0.429;1.79615;-0.0878413;
0.43;1.79606;-0.0897304;
0.431;1.79597;-0.0916558;
0.432;1.79587;-0.0936181;
0.433;1.79578;-0.0956176;
0.434;1.79568;-0.0976551;
0.435;1.79558;-0.0997309;
0.436;1.79548;-0.101846;
0.437;1.79538;-0.104;
0.438;1.79527;-0.106195;
0.439;1.79517;-0.10843;
0.44;1.79506;-0.110706;
0.441;1.79495;-0.113024;
0.442;1.79483;-0.115385;
0.443;1.79472;-0.117788;
0.444;1.7946;-0.120235;
0.445;1.79447;-0.122726;
0.446;1.79435;-0.125261;
0.447;1.79422;-0.127842;
0.448;1.7941;-0.130468;
0.449;1.79396;-0.13314;
0.45;1.79383;-0.13586;
0.451;1.79369;-0.138626;
0.452;1.79355;-0.141441;
0.453;1.79341;-0.144303;
0.454;1.79326;-0.147215;
0.455;1.79311;-0.150177;
0.456;1.79296;-0.153188;
0.457;1.79281;-0.15625;
0.458;1.79265;-0.159363;
0.459;1.79249;-0.162528;
0.46;1.79233;-0.165745;
0.461;1.79216;-0.169014;
0.462;1.79199;-0.172337;
0.463;1.79181;-0.175713;
0.464;1.79164;-0.179144;
0.465;1.79145;-0.182629;
0.466;1.79127;-0.186169;
0.467;1.79108;-0.189765;
0.468;1.79089;-0.193417;
0.469;1.7907;-0.197126;
0.47;1.7905;-0.200892;
0.471;1.79029;-0.204715;
0.472;1.79009;-0.208596;
0.473;1.78988;-0.212536;
0.474;1.78966;-0.216534;
0.475;1.78944;-0.220592;
0.476;1.78922;-0.224709;
0.477;1.78899;-0.228886;
0.478;1.78876;-0.233123;
0.479;1.78853;-0.237422;
0.48;1.78829;-0.241781;
0.481;1.78804;-0.246202;
0.482;1.7878;-0.250685;
0.483;1.78754;-0.25523;
0.484;1.78729;-0.259838;
0.485;1.78702;-0.264508;
0.486;1.78676;-0.269242;
0.487;1.78648;-0.274039;
0.488;1.78621;-0.2789;
0.489;1.78593;-0.283824;
0.49;1.78564;-0.288814;
0.491;1.78535;-0.293867;
0.492;1.78505;-0.298986;
0.493;1.78475;-0.30417;
0.494;1.78444;-0.309419;
0.495;1.78413;-0.314733;
0.496;1.78382;-0.320113;
0.497;1.78349;-0.325559;
0.498;1.78316;-0.331071;
0.499;1.78283;-0.33665;
0.5;1.78249;-0.342295;
0.501;1.78215;-0.348006;
0.502;1.78179;-0.353784;
0.503;1.78144;-0.359629;
0.504;1.78108;-0.365541;
0.505;1.78071;-0.37152;
0.506;1.78033;-0.377566;
0.507;1.77995;-0.38368;
0.508;1.77956;-0.389861;
0.509;1.77917;-0.396109;
0.51;1.77877;-0.402425;
0.511;1.77837;-0.408809;
0.512;1.77796;-0.41526;
0.513;1.77754;-0.421779;
0.514;1.77711;-0.428366;
0.515;1.77668;-0.435021;
0.516;1.77624;-0.441743;
0.517;1.7758;-0.448534;
0.518;1.77534;-0.455392;
0.519;1.77489;-0.462318;
0.52;1.77442;-0.469312;
0.521;1.77395;-0.476374;
0.522;1.77347;-0.483503;
0.523;1.77298;-0.490701;
0.524;1.77249;-0.497967;
0.525;1.77198;-0.5053;
0.526;1.77148;-0.512702;
0.527;1.77096;-0.520171;
0.528;1.77043;-0.527709;
0.529;1.7699;-0.535314;
0.53;1.76936;-0.542987;
0.531;1.76882;-0.550728;
0.532;1.76826;-0.558537;
0.533;1.7677;-0.566413;
0.534;1.76713;-0.574358;
0.535;1.76655;-0.582371;
0.536;1.76597;-0.590451;
0.537;1.76537;-0.598599;
0.538;1.76477;-0.606815;
0.539;1.76416;-0.6151;
0.54;1.76354;-0.623452;
0.541;1.76291;-0.631872;
0.542;1.76227;-0.640361;
0.543;1.76163;-0.648917;
0.544;1.76098;-0.657542;
0.545;1.76031;-0.666235;
0.546;1.75964;-0.674997;
0.547;1.75896;-0.683827;
0.548;1.75828;-0.692725;
0.549;1.75758;-0.701693;
0.55;1.75687;-0.710729;
0.551;1.75616;-0.719834;
0.552;1.75543;-0.729009;
0.553;1.7547;-0.738253;
0.554;1.75396;-0.747567;
0.555;1.7532;-0.756951;
0.556;1.75244;-0.766405;
0.557;1.75167;-0.775929;
0.558;1.75089;-0.785524;
0.559;1.7501;-0.795191;
0.56;1.7493;-0.804928;
0.561;1.74849;-0.814737;
0.562;1.74767;-0.824619;
0.563;1.74684;-0.834573;
0.564;1.746;-0.8446;
0.565;1.74515;-0.854701;
0.566;1.74429;-0.864875;
0.567;1.74342;-0.875124;
0.568;1.74254;-0.885448;
0.569;1.74165;-0.895848;
0.57;1.74075;-0.906324;
0.571;1.73984;-0.916877;
0.572;1.73892;-0.927508;
0.573;1.73798;-0.938218;
0.574;1.73704;-0.949006;
0.575;1.73609;-0.959875;
0.576;1.73512;-0.970824;
0.577;1.73414;-0.981855;
0.578;1.73316;-0.992969;
0.579;1.73216;-1.00417;
0.58;1.73115;-1.01545;
0.581;1.73013;-1.02682;
0.582;1.72909;-1.03827;
0.583;1.72805;-1.04982;
0.584;1.727;-1.06145;
0.585;1.72593;-1.07317;
0.586;1.72485;-1.08499;
0.587;1.72376;-1.09689;
0.588;1.72265;-1.1089;
0.589;1.72154;-1.121;
0.59;1.72041;-1.1332;
0.591;1.71927;-1.14549;
0.592;1.71812;-1.15789;
0.593;1.71696;-1.1704;
0.594;1.71578;-1.183;
0.595;1.71459;-1.19572;
0.596;1.71339;-1.20854;
0.597;1.71217;-1.22147;
0.598;1.71095;-1.23452;
0.599;1.70971;-1.24768;
0.6;1.70845;-1.26096;
0.601;1.70718;-1.27437;
0.602;1.7059;-1.28789;
0.603;1.70461;-1.30154;
0.604;1.7033;-1.31532;
0.605;1.70198;-1.32923;
0.606;1.70064;-1.34327;
0.607;1.69929;-1.35745;
0.608;1.69793;-1.37177;
0.609;1.69655;-1.38623;
0.61;1.69515;-1.40084;
0.611;1.69375;-1.4156;
0.612;1.69232;-1.43052;
0.613;1.69088;-1.44559;
0.614;1.68943;-1.46083;
0.615;1.68796;-1.47623;
0.616;1.68648;-1.4918;
0.617;1.68498;-1.50755;
0.618;1.68346;-1.52347;
0.619;1.68193;-1.53959;
0.62;1.68038;-1.55589;
0.621;1.67882;-1.57238;
0.622;1.67724;-1.58908;
0.623;1.67564;-1.60598;
0.624;1.67403;-1.62309;
0.625;1.6724;-1.64042;
0.626;1.67075;-1.65798;
0.627;1.66908;-1.67576;
0.628;1.6674;-1.69379;
0.629;1.66569;-1.71205;
0.63;1.66397;-1.73057;
0.631;1.66223;-1.74935;
0.632;1.66047;-1.7684;
0.633;1.65869;-1.78773;
0.634;1.6569;-1.80734;
0.635;1.65508;-1.82724;
0.636;1.65324;-1.84745;
0.637;1.65139;-1.86798;
0.638;1.64951;-1.88882;
0.639;1.64761;-1.91001;
0.64;1.64569;-1.93154;
0.641;1.64374;-1.95343;
0.642;1.64178;-1.9757;
0.643;1.63979;-1.99834;
0.644;1.63778;-2.02139;
0.645;1.63575;-2.04485;
0.646;1.63369;-2.06874;
0.647;1.63161;-2.09308;
0.648;1.62951;-2.11788;
0.649;1.62738;-2.14315;
0.65;1.62522;-2.16893;
0.651;1.62304;-2.19522;
0.652;1.62083;-2.22205;
0.653;1.6186;-2.24944;
0.654;1.61633;-2.27742;
0.655;1.61404;-2.306;
0.656;1.61172;-2.33521;
0.657;1.60937;-2.36509;
0.658;1.60699;-2.39566;
0.659;1.60458;-2.42694;
0.66;1.60214;-2.45898;
0.661;1.59966;-2.4918;
0.662;1.59715;-2.52545;
0.663;1.59461;-2.55995;
0.664;1.59203;-2.59537;
0.665;1.58942;-2.63172;
0.666;1.58677;-2.66908;
0.667;1.58408;-2.70748;
0.668;1.58135;-2.74697;
0.669;1.57859;-2.78763;
0.67;1.57578;-2.8295;
0.671;1.57293;-2.87266;
0.672;1.57003;-2.91717;
0.673;1.56709;-2.96312;
0.674;1.56411;-3.01059;
0.675;1.56107;-3.05966;
0.676;1.55799;-3.11044;
0.677;1.55485;-3.16303;
0.678;1.55166;-3.21755;
0.679;1.54842;-3.27411;
0.68;1.54511;-3.33287;
0.681;1.54175;-3.39397;
0.682;1.53833;-3.45756;
0.683;1.53484;-3.52384;
0.684;1.53128;-3.59299;
0.685;1.52765;-3.66525;
0.686;1.52395;-3.74084;
0.687;1.52017;-3.82003;
0.688;1.51631;-3.90313;
0.689;1.51236;-3.99047;
0.69;1.50833;-4.08241;
0.691;1.5042;-4.17937;
0.692;1.49997;-4.28182;
0.693;1.49563;-4.3903;
0.694;1.49119;-4.5054;
0.695;1.48662;-4.6278;
0.696;1.48193;-4.75829;
0.697;1.47711;-4.89775;
0.698;1.47214;-5.04724;
0.699;1.46701;-5.20792;
0.7;1.46172;-5.3812;
0.701;1.45625;-5.56868;
0.702;1.45058;-5.77225;
0.703;1.4447;-5.99413;
0.704;1.43859;-6.23694;
0.705;1.43223;-6.50378;
0.706;1.42559;-6.79829;
0.707;1.41863;-7.1248;
0.708;1.41134;-7.48841;
0.709;1.40366;-7.89509;
0.71;1.39555;-8.35176;
0.711;1.38695;-8.86625;
0.712;1.37781;-9.44713;
0.713;1.36806;-10.1033;
0.714;1.35761;-10.8431;
0.715;1.34637;-11.6732;
0.716;1.33426;-12.5963;
0.717;1.32118;-13.6096;
0.718;1.30704;-14.7031;
0.719;1.29177;-15.8586;
0.72;1.27533;-17.0515;
0.721;1.25767;-18.2536;
0.722;1.23882;-19.4367;
0.723;1.2188;-20.5759;
0.724;1.19767;-21.6516;
0.725;1.17549;-22.6501;
0.726;1.15237;-23.5635;
0.727;1.12837;-24.3884;
0.728;1.10359;-25.125;
0.729;1.07812;-25.776;
0.73;1.05204;-26.3456;
0.731;1.02543;-26.8389;
0.732;0.998359;-27.2613;
0.733;0.970904;-27.6179;
0.734;0.943124;-27.9137;
0.735;0.915077;-28.1529;
0.736;0.886818;-28.3392;
0.737;0.858398;-28.4757;
0.738;0.829867;-28.5644;
0.739;0.801269;-28.6069;
0.74;0.772653;-28.6038;
0.741;0.744062;-28.555;
0.742;0.715543;-28.4594;
0.743;0.687143;-28.3152;
0.744;0.658912;-28.1195;
0.745;0.630904;-27.8687;
0.746;0.603175;-27.558;
0.747;0.575788;-27.1817;
0.748;0.548812;-26.7332;
0.749;0.522322;-26.2053;
0.75;0.496401;-25.5904;
0.751;0.471141;-24.8808;
0.752;0.44664;-24.07;
0.753;0.423001;-23.1535;
0.754;0.400333;-22.1303;
0.755;0.378741;-21.0043;
0.756;0.358324;-19.7857;
0.757;0.339169;-18.4918;
0.758;0.321341;-17.1465;
0.759;0.304876;-15.7792;
0.76;0.289782;-14.4217;
0.761;0.276033;-13.1055;
0.762;0.263571;-11.8575;
0.763;0.252318;-10.6988;
0.764;0.242174;-9.64221;
0.765;0.233033;-8.69348;
0.766;0.224787;-7.85178;
0.767;0.21733;-7.11159;
0.768;0.210564;-6.46444;
0.769;0.204401;-5.90044;
0.77;0.198763;-5.40935;
0.771;0.193582;-4.98138;
0.772;0.1888;-4.60761;
0.773;0.184367;-4.28012;
0.774;0.18024;-3.99207;
0.775;0.176383;-3.73763;
0.776;0.172764;-3.51186;
0.777;0.169359;-3.3106;
0.778;0.166143;-3.13037;
0.779;0.163098;-2.96825;
0.78;0.160207;-2.82179;
0.781;0.157455;-2.68892;
0.782;0.154829;-2.5679;
0.783;0.152319;-2.45726;
0.784;0.149914;-2.35575;
0.785;0.147607;-2.26229;
0.786;0.14539;-2.17599;
0.787;0.143255;-2.09605;
0.788;0.141198;-2.02179;
0.789;0.139212;-1.95263;
0.79;0.137292;-1.88806;
0.791;0.135436;-1.82763;
0.792;0.133637;-1.77095;
0.793;0.131894;-1.71768;
0.794;0.130202;-1.66751;
0.795;0.128559;-1.62018;
0.796;0.126962;-1.57544;
0.797;0.125408;-1.53309;
0.798;0.123895;-1.49293;
0.799;0.122422;-1.4548;
0.8;0.120986;-1.41854;
0.801;0.119585;-1.38401;
0.802;0.118218;-1.35109;
0.803;0.116883;-1.31966;
0.804;0.115578;-1.28963;
0.805;0.114303;-1.26089;
0.806;0.113057;-1.23337;
0.807;0.111837;-1.20699;
0.808;0.110643;-1.18167;
0.809;0.109473;-1.15735;
0.81;0.108328;-1.13398;
0.811;0.107205;-1.11149;
0.812;0.106105;-1.08983;
0.813;0.105026;-1.06896;
0.814;0.103967;-1.04884;
0.815;0.102928;-1.02942;
0.816;0.101908;-1.01066;
0.817;0.100907;-0.992539;
0.818;0.0999231;-0.975015;
0.819;0.0989567;-0.958062;
0.82;0.098007;-0.941649;
0.821;0.0970734;-0.925751;
0.822;0.0961555;-0.910344;
0.823;0.0952527;-0.895405;
0.824;0.0943647;-0.880911;
0.825;0.0934909;-0.866844;
0.826;0.092631;-0.853183;
0.827;0.0917845;-0.839911;
0.828;0.0909512;-0.827011;
0.829;0.0901305;-0.814468;
0.83;0.0893222;-0.802267;
0.831;0.088526;-0.790392;
0.832;0.0877415;-0.778832;
0.833;0.0869683;-0.767574;
0.834;0.0862063;-0.756605;
0.835;0.0854551;-0.745914;
0.836;0.0847145;-0.735492;
0.837;0.0839841;-0.725326;
0.838;0.0832638;-0.715409;
0.839;0.0825533;-0.705731;
0.84;0.0818524;-0.696282;
0.841;0.0811608;-0.687056;
0.842;0.0804783;-0.678043;
0.843;0.0798047;-0.669237;
0.844;0.0791398;-0.660631;
0.845;0.0784834;-0.652217;
0.846;0.0778353;-0.643989;
0.847;0.0771954;-0.635942;
0.848;0.0765635;-0.628068;
0.849;0.0759393;-0.620363;
0.85;0.0753227;-0.61282;
0.851;0.0747136;-0.605435;
0.852;0.0741119;-0.598203;
0.853;0.0735172;-0.59112;
0.854;0.0729296;-0.584179;
0.855;0.0723489;-0.577378;
0.856;0.0717749;-0.570712;
0.857;0.0712075;-0.564176;
0.858;0.0706465;-0.557768;
0.859;0.0700919;-0.551483;
0.86;0.0695436;-0.545319;
0.861;0.0690013;-0.53927;
0.862;0.068465;-0.533335;
0.863;0.0679346;-0.527509;
0.864;0.06741;-0.521791;
0.865;0.066891;-0.516176;
0.866;0.0663776;-0.510663;
0.867;0.0658697;-0.505248;
0.868;0.0653671;-0.499929;
0.869;0.0648699;-0.494703;
0.87;0.0643777;-0.489568;
0.871;0.0638907;-0.484521;
0.872;0.0634087;-0.479561;
0.873;0.0629316;-0.474685;
0.874;0.0624593;-0.46989;
0.875;0.0619918;-0.465176;
0.876;0.061529;-0.460539;
0.877;0.0610707;-0.455979;
0.878;0.060617;-0.451492;
0.879;0.0601678;-0.447078;
0.88;0.0597229;-0.442734;
0.881;0.0592823;-0.438459;
0.882;0.0588459;-0.434252;
0.883;0.0584138;-0.43011;
0.884;0.0579857;-0.426033;
0.885;0.0575617;-0.422018;
0.886;0.0571417;-0.418064;
0.887;0.0567256;-0.41417;
0.888;0.0563133;-0.410335;
0.889;0.0559049;-0.406557;
0.89;0.0555002;-0.402835;
0.891;0.0550992;-0.399168;
0.892;0.0547019;-0.395554;
0.893;0.0543081;-0.391993;
0.894;0.0539179;-0.388483;
0.895;0.0535312;-0.385023;
0.896;0.0531479;-0.381612;
0.897;0.0527679;-0.378249;
0.898;0.0523914;-0.374934;
0.899;0.0520181;-0.371664;
0.9;0.051648;-0.36844;
0.901;0.0512812;-0.36526;
0.902;0.0509175;-0.362123;
0.903;0.050557;-0.359028;
0.904;0.0501995;-0.355975;
0.905;0.049845;-0.352963;
0.906;0.0494935;-0.349991;
0.907;0.049145;-0.347058;
0.908;0.0487994;-0.344164;
0.909;0.0484567;-0.341307;
0.91;0.0481168;-0.338487;
0.911;0.0477797;-0.335704;
0.912;0.0474454;-0.332956;
0.913;0.0471138;-0.330243;
0.914;0.0467849;-0.327564;
0.915;0.0464587;-0.324918;
0.916;0.0461351;-0.322306;
0.917;0.0458141;-0.319726;
0.918;0.0454956;-0.317178;
0.919;0.0451797;-0.314661;
0.92;0.0448663;-0.312175;
0.921;0.0445554;-0.309718;
0.922;0.0442469;-0.307292;
0.923;0.0439408;-0.304894;
0.924;0.0436371;-0.302525;
0.925;0.0433357;-0.300183;
0.926;0.0430367;-0.29787;
0.927;0.04274;-0.295583;
0.928;0.0424455;-0.293323;
0.929;0.0421533;-0.291089;
0.93;0.0418634;-0.288881;
0.931;0.0415756;-0.286698;
0.932;0.04129;-0.284539;
0.933;0.0410065;-0.282406;
0.934;0.0407252;-0.280296;
0.935;0.0404459;-0.278209;
0.936;0.0401687;-0.276146;
0.937;0.0398936;-0.274106;
0.938;0.0396205;-0.272088;
0.939;0.0393494;-0.270093;
0.94;0.0390803;-0.268119;
0.941;0.0388132;-0.266166;
0.942;0.038548;-0.264234;
0.943;0.0382847;-0.262324;
0.944;0.0380234;-0.260433;
0.945;0.0377639;-0.258563;
0.946;0.0375062;-0.256712;
0.947;0.0372504;-0.254881;
0.948;0.0369965;-0.253068;
0.949;0.0367443;-0.251275;
0.95;0.0364939;-0.2495;
0.951;0.0362453;-0.247744;
0.952;0.0359984;-0.246005;
0.953;0.0357533;-0.244284;
0.954;0.0355099;-0.242581;
0.955;0.0352681;-0.240895;
0.956;0.0350281;-0.239225;
0.957;0.0347897;-0.237573;
0.958;0.0345529;-0.235937;
0.959;0.0343178;-0.234317;
0.96;0.0340843;-0.232713;
0.961;0.0338524;-0.231124;
0.962;0.0336221;-0.229551;
0.963;0.0333933;-0.227994;
0.964;0.0331661;-0.226451;
0.965;0.0329404;-0.224923;
0.966;0.0327162;-0.22341;
0.967;0.0324936;-0.221912;
0.968;0.0322724;-0.220427;
0.969;0.0320527;-0.218957;
0.97;0.0318345;-0.2175;
0.971;0.0316177;-0.216057;
0.972;0.0314024;-0.214627;
0.973;0.0311885;-0.213211;
0.974;0.0309759;-0.211807;
0.975;0.0307648;-0.210417;
0.976;0.0305551;-0.209039;
0.977;0.0303468;-0.207674;
0.978;0.0301398;-0.206321;
0.979;0.0299341;-0.20498;
0.98;0.0297298;-0.203652;
0.981;0.0295268;-0.202335;
0.982;0.0293251;-0.20103;
0.983;0.0291248;-0.199736;
0.984;0.0289257;-0.198454;
0.985;0.0287278;-0.197183;
0.986;0.0285313;-0.195923;
0.987;0.028336;-0.194674;
0.988;0.028142;-0.193436;
0.989;0.0279491;-0.192209;
0.99;0.0277575;-0.190992;
0.991;0.0275671;-0.189786;
0.992;0.027378;-0.18859;
0.993;0.02719;-0.187404;
0.994;0.0270032;-0.186228;
0.995;0.0268175;-0.185062;
0.996;0.026633;-0.183905;
0.997;0.0264497;-0.182758;
0.998;0.0262675;-0.181621;
0.999;0.0260865;-0.180493;
1;0.0259065;-0.179375;
1.001;0.0257277;-0.178265;
1.002;0.02555;-0.177165;
1.003;0.0253734;-0.176073;
1.004;0.0251978;-0.174991;
1.005;0.0250234;-0.173917;
1.006;0.02485;-0.172852;
1.007;0.0246777;-0.171795;
1.008;0.0245064;-0.170746;
1.009;0.0243362;-0.169706;
1.01;0.024167;-0.168674;
1.011;0.0239989;-0.16765;
1.012;0.0238317;-0.166635;
1.013;0.0236656;-0.165627;
1.014;0.0235005;-0.164626;
1.015;0.0233363;-0.163634;
1.016;0.0231732;-0.162649;
1.017;0.023011;-0.161672;
1.018;0.0228498;-0.160702;
1.019;0.0226896;-0.15974;
1.02;0.0225304;-0.158784;
1.021;0.0223721;-0.157836;
1.022;0.0222147;-0.156895;
1.023;0.0220583;-0.155962;
1.024;0.0219028;-0.155035;
1.025;0.0217482;-0.154114;
1.026;0.0215945;-0.153201;
1.027;0.0214418;-0.152295;
1.028;0.02129;-0.151394;
1.029;0.021139;-0.150501;
1.03;0.020989;-0.149614;
1.031;0.0208398;-0.148733;
1.032;0.0206915;-0.147859;
1.033;0.0205441;-0.146991;
1.034;0.0203975;-0.146129;
1.035;0.0202518;-0.145273;
1.036;0.020107;-0.144424;
1.037;0.019963;-0.14358;
1.038;0.0198198;-0.142742;
1.039;0.0196775;-0.14191;
1.04;0.019536;-0.141084;
1.041;0.0193953;-0.140263;
1.042;0.0192554;-0.139448;
1.043;0.0191164;-0.138639;
1.044;0.0189782;-0.137835;
1.045;0.0188407;-0.137037;
1.046;0.0187041;-0.136244;
1.047;0.0185682;-0.135457;
1.048;0.0184332;-0.134674;
1.049;0.0182989;-0.133897;
1.05;0.0181654;-0.133125;
1.051;0.0180326;-0.132359;
1.052;0.0179007;-0.131597;
1.053;0.0177695;-0.13084;
1.054;0.017639;-0.130088;
1.055;0.0175093;-0.129341;
1.056;0.0173803;-0.128599;
1.057;0.0172521;-0.127862;
1.058;0.0171246;-0.127129;
1.059;0.0169978;-0.126401;
1.06;0.0168718;-0.125678;
1.061;0.0167465;-0.124959;
1.062;0.0166219;-0.124245;
1.063;0.016498;-0.123535;
1.064;0.0163748;-0.12283;
1.065;0.0162523;-0.122129;
1.066;0.0161305;-0.121433;
1.067;0.0160094;-0.120741;
1.068;0.0158891;-0.120053;
1.069;0.0157693;-0.119369;
1.07;0.0156503;-0.118689;
1.071;0.015532;-0.118013;
1.072;0.0154143;-0.117342;
1.073;0.0152973;-0.116674;
1.074;0.0151809;-0.116011;
1.075;0.0150653;-0.115351;
1.076;0.0149502;-0.114696;
1.077;0.0148359;-0.114044;
1.078;0.0147222;-0.113396;
1.079;0.0146091;-0.112752;
1.08;0.0144966;-0.112111;
1.081;0.0143849;-0.111474;
1.082;0.0142737;-0.110841;
1.083;0.0141632;-0.110212;
1.084;0.0140533;-0.109586;
1.085;0.013944;-0.108963;
1.086;0.0138353;-0.108344;
1.087;0.0137273;-0.107729;
1.088;0.0136199;-0.107117;
1.089;0.0135131;-0.106508;
1.09;0.0134069;-0.105902;
1.091;0.0133013;-0.1053;
1.092;0.0131963;-0.104702;
1.093;0.0130919;-0.104106;
1.094;0.0129881;-0.103514;
1.095;0.0128848;-0.102925;
1.096;0.0127822;-0.102339;
1.097;0.0126802;-0.101756;
1.098;0.0125787;-0.101176;
1.099;0.0124778;-0.100599;
1.1;0.0123775;-0.100026;
1.101;0.0122778;-0.0994548;
1.102;0.0121786;-0.098887;
1.103;0.01208;-0.0983221;
1.104;0.0119819;-0.0977601;
1.105;0.0118845;-0.0972009;
1.106;0.0117875;-0.0966445;
1.107;0.0116912;-0.096091;
1.108;0.0115954;-0.0955402;
1.109;0.0115001;-0.0949921;
1.11;0.0114054;-0.0944468;
1.111;0.0113112;-0.0939041;
1.112;0.0112176;-0.0933641;
1.113;0.0111245;-0.0928267;
1.114;0.0110319;-0.0922919;
1.115;0.0109399;-0.0917596;
1.116;0.0108484;-0.0912299;
1.117;0.0107574;-0.0907027;
1.118;0.010667;-0.0901779;
1.119;0.0105771;-0.0896556;
1.12;0.0104877;-0.0891358;
1.121;0.0103988;-0.0886183;
1.122;0.0103104;-0.0881033;
1.123;0.0102226;-0.0875906;
1.124;0.0101353;-0.0870802;
1.125;0.0100484;-0.0865721;
1.126;0.00996212;-0.0860663;
1.127;0.00987631;-0.0855627;
1.128;0.009791;-0.0850614;
1.129;0.00970619;-0.0845622;
1.13;0.00962187;-0.0840653;
1.131;0.00953805;-0.0835705;
1.132;0.00945473;-0.0830778;
1.133;0.0093719;-0.0825873;
1.134;0.00928956;-0.0820988;
1.135;0.0092077;-0.0816124;
1.136;0.00912633;-0.0811281;
1.137;0.00904545;-0.0806457;
1.138;0.00896504;-0.0801654;
1.139;0.00888511;-0.079687;
1.14;0.00880567;-0.0792106;
1.141;0.00872669;-0.0787362;
1.142;0.00864819;-0.0782636;
1.143;0.00857017;-0.077793;
1.144;0.00849261;-0.0773242;
1.145;0.00841552;-0.0768573;
1.146;0.00833889;-0.0763922;
1.147;0.00826273;-0.075929;
1.148;0.00818704;-0.0754675;
1.149;0.0081118;-0.0750078;
1.15;0.00803702;-0.0745499;
1.151;0.0079627;-0.0740937;
1.152;0.00788883;-0.0736392;
1.153;0.00781542;-0.0731865;
1.154;0.00774246;-0.0727354;
1.155;0.00766995;-0.072286;
1.156;0.00759789;-0.0718382;
1.157;0.00752627;-0.0713921;
1.158;0.0074551;-0.0709476;
1.159;0.00738438;-0.0705047;
1.16;0.00731409;-0.0700634;
1.161;0.00724425;-0.0696236;
1.162;0.00717485;-0.0691854;
1.163;0.00710588;-0.0687488;
1.164;0.00703735;-0.0683136;
1.165;0.00696925;-0.06788;
1.166;0.00690159;-0.0674478;
1.167;0.00683436;-0.0670172;
1.168;0.00676756;-0.066588;
1.169;0.00670118;-0.0661602;
1.17;0.00663523;-0.0657339;
1.171;0.00656971;-0.065309;
1.172;0.00650462;-0.0648855;
1.173;0.00643994;-0.0644634;
1.174;0.00637569;-0.0640427;
1.175;0.00631186;-0.0636233;
1.176;0.00624844;-0.0632053;
1.177;0.00618545;-0.0627886;
1.178;0.00612287;-0.0623733;
1.179;0.0060607;-0.0619593;
1.18;0.00599895;-0.0615466;
1.181;0.00593761;-0.0611352;
1.182;0.00587668;-0.0607251;
1.183;0.00581616;-0.0603162;
1.184;0.00575604;-0.0599087;
1.185;0.00569634;-0.0595023;
1.186;0.00563704;-0.0590972;
1.187;0.00557814;-0.0586934;
1.188;0.00551965;-0.0582908;
1.189;0.00546156;-0.0578894;
1.19;0.00540387;-0.0574892;
1.191;0.00534659;-0.0570902;
1.192;0.00528969;-0.0566923;
1.193;0.0052332;-0.0562957;
1.194;0.0051771;-0.0559003;
1.195;0.0051214;-0.055506;
1.196;0.00506609;-0.0551128;
1.197;0.00501117;-0.0547208;
1.198;0.00495665;-0.05433;
1.199;0.00490251;-0.0539403;
1.2;0.00484877;-0.0535517;
1.201;0.00479541;-0.0531643;
1.202;0.00474244;-0.052778;
1.203;0.00468985;-0.0523928;
1.204;0.00463765;-0.0520087;
1.205;0.00458584;-0.0516257;
1.206;0.0045344;-0.0512438;
1.207;0.00448335;-0.050863;
1.208;0.00443268;-0.0504833;
1.209;0.00438238;-0.0501047;
1.21;0.00433247;-0.0497272;
1.211;0.00428293;-0.0493507;
1.212;0.00423377;-0.0489754;
1.213;0.00418498;-0.0486011;
1.214;0.00413656;-0.0482278;
1.215;0.00408852;-0.0478557;
1.216;0.00404085;-0.0474846;
1.217;0.00399355;-0.0471146;
1.218;0.00394662;-0.0467457;
1.219;0.00390006;-0.0463778;
1.22;0.00385387;-0.046011;
1.221;0.00380804;-0.0456453;
1.222;0.00376258;-0.0452806;
1.223;0.00371748;-0.044917;
1.224;0.00367274;-0.0445545;
1.225;0.00362837;-0.044193;
1.226;0.00358436;-0.0438326;
1.227;0.0035407;-0.0434733;
1.228;0.00349741;-0.043115;
1.229;0.00345447;-0.0427578;
1.23;0.00341189;-0.0424017;
1.231;0.00336967;-0.0420467;
1.232;0.0033278;-0.0416928;
1.233;0.00328629;-0.0413399;
1.234;0.00324512;-0.0409881;
1.235;0.00320431;-0.0406374;
1.236;0.00316385;-0.0402879;
1.237;0.00312373;-0.0399394;
1.238;0.00308397;-0.039592;
1.239;0.00304455;-0.0392457;
1.24;0.00300548;-0.0389006;
1.241;0.00296675;-0.0385565;
1.242;0.00292836;-0.0382136;
1.243;0.00289032;-0.0378718;
1.244;0.00285262;-0.0375312;
1.245;0.00281526;-0.0371917;
1.246;0.00277824;-0.0368533;
1.247;0.00274155;-0.0365161;
1.248;0.0027052;-0.0361801;
1.249;0.00266919;-0.0358452;
1.25;0.00263351;-0.0355115;
1.251;0.00259817;-0.035179;
1.252;0.00256316;-0.0348477;
1.253;0.00252847;-0.0345176;
1.254;0.00249412;-0.0341887;
1.255;0.0024601;-0.033861;
1.256;0.0024264;-0.0335345;
1.257;0.00239303;-0.0332093;
1.258;0.00235998;-0.0328854;
1.259;0.00232726;-0.0325626;
1.26;0.00229485;-0.0322412;
1.261;0.00226277;-0.031921;
1.262;0.00223101;-0.0316021;
1.263;0.00219957;-0.0312845;
1.264;0.00216844;-0.0309682;
1.265;0.00213763;-0.0306532;
1.266;0.00210714;-0.0303396;
1.267;0.00207695;-0.0300273;
1.268;0.00204708;-0.0297163;
1.269;0.00201752;-0.0294067;
1.27;0.00198827;-0.0290985;
1.271;0.00195932;-0.0287916;
1.272;0.00193069;-0.0284861;
1.273;0.00190235;-0.0281821;
1.274;0.00187432;-0.0278794;
1.275;0.00184659;-0.0275782;
1.276;0.00181917;-0.0272784;
1.277;0.00179204;-0.0269801;
1.278;0.00176521;-0.0266832;
1.279;0.00173867;-0.0263879;
1.28;0.00171243;-0.026094;
1.281;0.00168648;-0.0258016;
1.282;0.00166083;-0.0255107;
1.283;0.00163546;-0.0252213;
1.284;0.00161038;-0.0249335;
1.285;0.00158559;-0.0246472;
1.286;0.00156109;-0.0243625;
1.287;0.00153687;-0.0240793;
1.288;0.00151293;-0.0237978;
1.289;0.00148927;-0.0235178;
1.29;0.0014659;-0.0232395;
1.291;0.00144279;-0.0229628;
1.292;0.00141997;-0.0226877;
1.293;0.00139742;-0.0224142;
1.294;0.00137514;-0.0221424;
1.295;0.00135313;-0.0218723;
1.296;0.0013314;-0.0216039;
1.297;0.00130993;-0.0213371;
1.298;0.00128872;-0.0210721;
1.299;0.00126778;-0.0208088;
1.3;0.0012471;-0.0205472;
1.301;0.00122669;-0.0202874;
1.302;0.00120653;-0.0200293;
1.303;0.00118663;-0.0197729;
1.304;0.00116698;-0.0195184;
1.305;0.00114759;-0.0192656;
1.306;0.00112845;-0.0190146;
1.307;0.00110956;-0.0187655;
1.308;0.00109092;-0.0185181;
1.309;0.00107253;-0.0182726;
1.31;0.00105438;-0.0180289;
1.311;0.00103647;-0.017787;
1.312;0.0010188;-0.017547;
1.313;0.00100138;-0.0173089;
1.314;0.000984185;-0.0170726;
1.315;0.00096723;-0.0168383;
1.316;0.000950508;-0.0166058;
1.317;0.000934018;-0.0163752;
1.318;0.000917758;-0.0161465;
1.319;0.000901725;-0.0159197;
1.32;0.000885919;-0.0156948;
1.321;0.000870336;-0.0154719;
1.322;0.000854975;-0.0152509;
1.323;0.000839834;-0.0150319;
1.324;0.000824911;-0.0148148;
1.325;0.000810204;-0.0145996;
1.326;0.000795712;-0.0143864;
1.327;0.000781432;-0.0141751;
1.328;0.000767362;-0.0139659;
1.329;0.0007535;-0.0137586;
1.33;0.000739844;-0.0135532;
1.331;0.000726393;-0.0133499;
1.332;0.000713145;-0.0131485;
1.333;0.000700096;-0.0129491;
1.334;0.000687246;-0.0127517;
1.335;0.000674593;-0.0125563;
1.336;0.000662134;-0.0123629;
1.337;0.000649867;-0.0121715;
1.338;0.000637791;-0.011982;
1.339;0.000625903;-0.0117946;
1.34;0.000614202;-0.0116092;
1.341;0.000602685;-0.0114257;
1.342;0.00059135;-0.0112443;
1.343;0.000580196;-0.0110648;
1.344;0.000569221;-0.0108873;
1.345;0.000558422;-0.0107118;
1.346;0.000547797;-0.0105383;
1.347;0.000537345;-0.0103668;
1.348;0.000527063;-0.0101973;
1.349;0.00051695;-0.0100297;
1.35;0.000507004;-0.00986415;
1.351;0.000497222;-0.00970055;
1.352;0.000487603;-0.0095389;
1.353;0.000478144;-0.00937922;
1.354;0.000468844;-0.0092215;
1.355;0.000459701;-0.00906572;
1.356;0.000450713;-0.00891189;
1.357;0.000441877;-0.00876;
1.358;0.000433193;-0.00861003;
1.359;0.000424657;-0.00846199;
1.36;0.000416269;-0.00831587;
1.361;0.000408026;-0.00817165;
1.362;0.000399926;-0.00802933;
1.363;0.000391967;-0.0078889;
1.364;0.000384148;-0.00775036;
1.365;0.000376466;-0.00761369;
1.366;0.00036892;-0.00747888;
1.367;0.000361509;-0.00734592;
1.368;0.000354229;-0.0072148;
1.369;0.000347079;-0.00708552;
1.37;0.000340058;-0.00695805;
1.371;0.000333163;-0.0068324;
1.372;0.000326393;-0.00670854;
1.373;0.000319746;-0.00658647;
1.374;0.00031322;-0.00646617;
1.375;0.000306813;-0.00634763;
1.376;0.000300525;-0.00623085;
1.377;0.000294352;-0.00611579;
1.378;0.000288293;-0.00600246;
1.379;0.000282347;-0.00589083;
1.38;0.000276511;-0.0057809;
1.381;0.000270785;-0.00567266;
1.382;0.000265166;-0.00556607;
1.383;0.000259653;-0.00546114;
1.384;0.000254244;-0.00535785;
1.385;0.000248937;-0.00525618;
1.386;0.000243731;-0.00515611;
1.387;0.000238625;-0.00505764;
1.388;0.000233616;-0.00496075;
1.389;0.000228703;-0.00486542;
1.39;0.000223885;-0.00477163;
1.391;0.00021916;-0.00467937;
1.392;0.000214526;-0.00458863;
1.393;0.000209983;-0.00449939;
1.394;0.000205528;-0.00441163;
1.395;0.00020116;-0.00432533;
1.396;0.000196877;-0.00424048;
1.397;0.000192679;-0.00415707;
1.398;0.000188563;-0.00407507;
1.399;0.000184528;-0.00399448;
1.4;0.000180574;-0.00391527;
1.401;0.000176698;-0.00383742;
1.402;0.000172899;-0.00376093;
1.403;0.000169176;-0.00368576;
1.404;0.000165528;-0.00361192;
1.405;0.000161952;-0.00353937;
1.406;0.000158449;-0.00346811;
1.407;0.000155016;-0.00339812;
1.408;0.000151653;-0.00332937;
1.409;0.000148357;-0.00326186;
1.41;0.000145129;-0.00319557;
1.411;0.000141966;-0.00313047;
1.412;0.000138868;-0.00306656;
1.413;0.000135833;-0.00300382;
1.414;0.00013286;-0.00294222;
1.415;0.000129949;-0.00288176;
1.416;0.000127097;-0.00282242;
1.417;0.000124304;-0.00276418;
1.418;0.000121568;-0.00270702;
1.419;0.00011889;-0.00265093;
1.42;0.000116267;-0.00259589;
1.421;0.000113698;-0.00254189;
1.422;0.000111183;-0.00248891;
1.423;0.00010872;-0.00243694;
1.424;0.000106309;-0.00238596;
1.425;0.000103948;-0.00233595;
1.426;0.000101637;-0.00228689;
1.427;9.93744e-05;-0.00223879;
1.428;9.71594e-05;-0.00219161;
1.429;9.49912e-05;-0.00214534;
1.43;9.28687e-05;-0.00209997;
1.431;9.07912e-05;-0.00205548;
1.432;8.87578e-05;-0.00201186;
1.433;8.67675e-05;-0.0019691;
1.434;8.48196e-05;-0.00192718;
1.435;8.29131e-05;-0.00188608;
1.436;8.10474e-05;-0.00184579;
1.437;7.92216e-05;-0.00180631;
1.438;7.74348e-05;-0.0017676;
1.439;7.56864e-05;-0.00172967;
1.44;7.39755e-05;-0.00169249;
1.441;7.23014e-05;-0.00165606;
1.442;7.06633e-05;-0.00162036;
1.443;6.90607e-05;-0.00158537;
1.444;6.74926e-05;-0.00155109;
1.445;6.59585e-05;-0.00151751;
1.446;6.44576e-05;-0.0014846;
1.447;6.29893e-05;-0.00145236;
1.448;6.15529e-05;-0.00142078;
1.449;6.01477e-05;-0.00138984;
1.45;5.87732e-05;-0.00135953;
1.451;5.74286e-05;-0.00132985;
1.452;5.61135e-05;-0.00130077;
1.453;5.48271e-05;-0.00127229;
1.454;5.35689e-05;-0.00124439;
1.455;5.23383e-05;-0.00121707;
1.456;5.11348e-05;-0.00119032;
1.457;4.99577e-05;-0.00116412;
1.458;4.88065e-05;-0.00113846;
1.459;4.76808e-05;-0.00111334;
1.46;4.65798e-05;-0.00108874;
1.461;4.55033e-05;-0.00106465;
1.462;4.44505e-05;-0.00104107;
1.463;4.34211e-05;-0.00101798;
1.464;4.24146e-05;-0.000995372;
1.465;4.14304e-05;-0.000973242;
1.466;4.04681e-05;-0.000951576;
1.467;3.95272e-05;-0.000930367;
1.468;3.86074e-05;-0.000909606;
1.469;3.7708e-05;-0.000889284;
1.47;3.68288e-05;-0.000869392;
1.471;3.59692e-05;-0.000849922;
1.472;3.5129e-05;-0.000830866;
1.473;3.43075e-05;-0.000812215;
1.474;3.35045e-05;-0.000793961;
1.475;3.27196e-05;-0.000776097;
1.476;3.19523e-05;-0.000758614;
1.477;3.12024e-05;-0.000741506;
1.478;3.04693e-05;-0.000724764;
1.479;2.97528e-05;-0.000708382;
1.48;2.90526e-05;-0.000692351;
1.481;2.83681e-05;-0.000676666;
1.482;2.76992e-05;-0.000661319;
1.483;2.70455e-05;-0.000646303;
1.484;2.64066e-05;-0.000631611;
1.485;2.57823e-05;-0.000617238;
1.486;2.51721e-05;-0.000603176;
1.487;2.45759e-05;-0.000589419;
1.488;2.39933e-05;-0.000575961;
1.489;2.3424e-05;-0.000562796;
1.49;2.28677e-05;-0.000549918;
1.491;2.23242e-05;-0.000537321;
1.492;2.17931e-05;-0.000524999;
1.493;2.12742e-05;-0.000512947;
1.494;2.07672e-05;-0.000501158;
1.495;2.02718e-05;-0.000489628;
1.496;1.97879e-05;-0.000478352;
1.497;1.93151e-05;-0.000467323;
1.498;1.88533e-05;-0.000456537;
1.499;1.84021e-05;-0.000445989;
1.5;1.79613e-05;-0.000435674;
1.501;1.75307e-05;-0.000425587;
1.502;1.71101e-05;-0.000415723;
1.503;1.66993e-05;-0.000406078;
1.504;1.6298e-05;-0.000396647;
1.505;1.5906e-05;-0.000387425;
1.506;1.55231e-05;-0.000378408;
1.507;1.51492e-05;-0.000369592;
1.508;1.47839e-05;-0.000360973;
1.509;1.44272e-05;-0.000352546;
1.51;1.40788e-05;-0.000344308;
1.511;1.37386e-05;-0.000336253;
1.512;1.34063e-05;-0.00032838;
1.513;1.30818e-05;-0.000320683;
1.514;1.2765e-05;-0.000313159;
1.515;1.24555e-05;-0.000305804;
1.516;1.21534e-05;-0.000298615;
1.517;1.18583e-05;-0.000291588;
1.518;1.15702e-05;-0.000284719;
1.519;1.12889e-05;-0.000278006;
1.52;1.10142e-05;-0.000271445;
1.521;1.0746e-05;-0.000265032;
1.522;1.04841e-05;-0.000258765;
1.523;1.02284e-05;-0.00025264;
1.524;9.97883e-06;-0.000246655;
1.525;9.73513e-06;-0.000240805;
1.526;9.49722e-06;-0.000235089;
1.527;9.26495e-06;-0.000229504;
1.528;9.03821e-06;-0.000224046;
1.529;8.81686e-06;-0.000218713;
1.53;8.60078e-06;-0.000213502;
1.531;8.38986e-06;-0.00020841;
1.532;8.18396e-06;-0.000203436;
1.533;7.98298e-06;-0.000198575;
1.534;7.78681e-06;-0.000193827;
1.535;7.59533e-06;-0.000189188;
1.536;7.40844e-06;-0.000184656;
1.537;7.22602e-06;-0.000180228;
1.538;7.04798e-06;-0.000175903;
1.539;6.87421e-06;-0.000171678;
1.54;6.70462e-06;-0.000167551;
1.541;6.53911e-06;-0.000163519;
1.542;6.37758e-06;-0.000159581;
1.543;6.21995e-06;-0.000155735;
1.544;6.06611e-06;-0.000151978;
1.545;5.91599e-06;-0.000148309;
1.546;5.7695e-06;-0.000144725;
1.547;5.62654e-06;-0.000141225;
1.548;5.48705e-06;-0.000137807;
1.549;5.35093e-06;-0.000134468;
1.55;5.21811e-06;-0.000131208;
1.551;5.08851e-06;-0.000128025;
1.552;4.96206e-06;-0.000124916;
1.553;4.83868e-06;-0.00012188;
1.554;4.7183e-06;-0.000118916;
1.555;4.60085e-06;-0.000116021;
1.556;4.48626e-06;-0.000113195;
1.557;4.37446e-06;-0.000110435;
1.558;4.26539e-06;-0.00010774;
1.559;4.15898e-06;-0.00010511;
1.56;4.05517e-06;-0.000102541;
1.561;3.9539e-06;-0.000100034;
1.562;3.8551e-06;-9.75854e-05;
1.563;3.75873e-06;-9.51954e-05;
1.564;3.66471e-06;-9.28623e-05;
1.565;3.573e-06;-9.05846e-05;
1.566;3.48354e-06;-8.83612e-05;
1.567;3.39628e-06;-8.61908e-05;
1.568;3.31116e-06;-8.40722e-05;
1.569;3.22814e-06;-8.20041e-05;
1.57;3.14715e-06;-7.99856e-05;
1.571;3.06816e-06;-7.80153e-05;
1.572;2.99112e-06;-7.60923e-05;
1.573;2.91598e-06;-7.42154e-05;
1.574;2.84269e-06;-7.23835e-05;
1.575;2.77121e-06;-7.05956e-05;
1.576;2.7015e-06;-6.88507e-05;
1.577;2.63351e-06;-6.71479e-05;
1.578;2.5672e-06;-6.5486e-05;
1.579;2.50254e-06;-6.38642e-05;
1.58;2.43948e-06;-6.22816e-05;
1.581;2.37798e-06;-6.07372e-05;
1.582;2.318e-06;-5.92301e-05;
1.583;2.25952e-06;-5.77595e-05;
1.584;2.20248e-06;-5.63245e-05;
1.585;2.14687e-06;-5.49243e-05;
1.586;2.09263e-06;-5.35581e-05;
1.587;2.03975e-06;-5.22251e-05;
1.588;1.98818e-06;-5.09244e-05;
1.589;1.9379e-06;-4.96554e-05;
1.59;1.88887e-06;-4.84173e-05;
1.591;1.84107e-06;-4.72094e-05;
1.592;1.79445e-06;-4.60309e-05;
1.593;1.74901e-06;-4.48812e-05;
1.594;1.70469e-06;-4.37595e-05;
1.595;1.66149e-06;-4.26653e-05;
1.596;1.61936e-06;-4.15978e-05;
1.597;1.57829e-06;-4.05565e-05;
1.598;1.53825e-06;-3.95407e-05;
1.599;1.49921e-06;-3.85498e-05;
1.6;1.46115e-06;-3.75832e-05;
1.601;1.42404e-06;-3.66404e-05;
1.602;1.38787e-06;-3.57207e-05;
1.603;1.3526e-06;-3.48236e-05;
1.604;1.31822e-06;-3.39487e-05;
1.605;1.2847e-06;-3.30952e-05;
1.606;1.25203e-06;-3.22629e-05;
1.607;1.22018e-06;-3.1451e-05;
1.608;1.18913e-06;-3.06592e-05;
1.609;1.15886e-06;-2.98869e-05;
1.61;1.12935e-06;-2.91338e-05;
1.611;1.10059e-06;-2.83992e-05;
1.612;1.07256e-06;-2.76829e-05;
1.613;1.04523e-06;-2.69843e-05;
1.614;1.01859e-06;-2.6303e-05;
1.615;9.92621e-07;-2.56386e-05;
1.616;9.6731e-07;-2.49907e-05;
1.617;9.42639e-07;-2.43589e-05;
1.618;9.18592e-07;-2.37428e-05;
1.619;8.95154e-07;-2.3142e-05;
1.62;8.72308e-07;-2.25562e-05;
1.621;8.50041e-07;-2.19849e-05;
1.622;8.28338e-07;-2.14279e-05;
1.623;8.07186e-07;-2.08848e-05;
1.624;7.86569e-07;-2.03552e-05;
1.625;7.66475e-07;-1.98388e-05;
1.626;7.46891e-07;-1.93354e-05;
1.627;7.27804e-07;-1.88445e-05;
1.628;7.09202e-07;-1.83659e-05;
1.629;6.91073e-07;-1.78992e-05;
1.63;6.73404e-07;-1.74443e-05;
1.631;6.56184e-07;-1.70007e-05;
1.632;6.39402e-07;-1.65683e-05;
1.633;6.23048e-07;-1.61467e-05;
1.634;6.07109e-07;-1.57356e-05;
1.635;5.91576e-07;-1.53349e-05;
1.636;5.76439e-07;-1.49443e-05;
1.637;5.61688e-07;-1.45635e-05;
1.638;5.47312e-07;-1.41922e-05;
1.639;5.33303e-07;-1.38303e-05;
1.64;5.19652e-07;-1.34775e-05;
1.641;5.06348e-07;-1.31336e-05;
1.642;4.93385e-07;-1.27983e-05;
1.643;4.80752e-07;-1.24715e-05;
1.644;4.68442e-07;-1.2153e-05;
1.645;4.56446e-07;-1.18424e-05;
1.646;4.44757e-07;-1.15397e-05;
1.647;4.33366e-07;-1.12447e-05;
1.648;4.22267e-07;-1.09571e-05;
1.649;4.11452e-07;-1.06768e-05;
1.65;4.00914e-07;-1.04036e-05;
1.651;3.90645e-07;-1.01372e-05;
1.652;3.80639e-07;-9.87766e-06;
1.653;3.7089e-07;-9.62465e-06;
1.654;3.6139e-07;-9.37806e-06;
1.655;3.52134e-07;-9.13772e-06;
1.656;3.43115e-07;-8.90347e-06;
1.657;3.34327e-07;-8.67516e-06;
1.658;3.25764e-07;-8.45264e-06;
1.659;3.17421e-07;-8.23578e-06;
1.66;3.09293e-07;-8.02442e-06;
1.661;3.01373e-07;-7.81843e-06;
1.662;2.93656e-07;-7.61768e-06;
1.663;2.86137e-07;-7.42204e-06;
1.664;2.78812e-07;-7.23137e-06;
1.665;2.71674e-07;-7.04555e-06;
1.666;2.64721e-07;-6.86446e-06;
1.667;2.57946e-07;-6.68799e-06;
1.668;2.51345e-07;-6.51601e-06;
1.669;2.44913e-07;-6.34841e-06;
1.67;2.38648e-07;-6.18509e-06;
1.671;2.32543e-07;-6.02593e-06;
1.672;2.26596e-07;-5.87083e-06;
1.673;2.20802e-07;-5.71969e-06;
1.674;2.15157e-07;-5.57241e-06;
1.675;2.09657e-07;-5.42889e-06;
1.676;2.04299e-07;-5.28904e-06;
1.677;1.99079e-07;-5.15276e-06;
1.678;1.93993e-07;-5.01996e-06;
1.679;1.89039e-07;-4.89056e-06;
1.68;1.84212e-07;-4.76447e-06;
1.681;1.7951e-07;-4.64161e-06;
1.682;1.74929e-07;-4.52189e-06;
1.683;1.70466e-07;-4.40524e-06;
1.684;1.66118e-07;-4.29158e-06;
1.685;1.61883e-07;-4.18082e-06;
1.686;1.57757e-07;-4.07291e-06;
1.687;1.53737e-07;-3.96776e-06;
1.688;1.49821e-07;-3.86531e-06;
1.689;1.46007e-07;-3.76548e-06;
1.69;1.4229e-07;-3.66822e-06;
1.691;1.3867e-07;-3.57346e-06;
1.692;1.35143e-07;-3.48112e-06;
1.693;1.31708e-07;-3.39116e-06;
1.694;1.28361e-07;-3.30351e-06;
1.695;1.25101e-07;-3.2181e-06;
1.696;1.21925e-07;-3.1349e-06;
1.697;1.18831e-07;-3.05383e-06;
1.698;1.15817e-07;-2.97485e-06;
1.699;1.12881e-07;-2.8979e-06;
1.7;1.10021e-07;-2.82292e-06;
1.701;1.07235e-07;-2.74988e-06;
1.702;1.04522e-07;-2.67872e-06;
1.703;1.01878e-07;-2.60939e-06;
1.704;9.93029e-08;-2.54184e-06;
1.705;9.67944e-08;-2.47603e-06;
1.706;9.43508e-08;-2.41192e-06;
1.707;9.19705e-08;-2.34946e-06;
1.708;8.96519e-08;-2.28861e-06;
1.709;8.73933e-08;-2.22933e-06;
1.71;8.51932e-08;-2.17158e-06;
1.711;8.30502e-08;-2.11531e-06;
1.712;8.09626e-08;-2.0605e-06;
1.713;7.89292e-08;-2.0071e-06;
1.714;7.69484e-08;-1.95508e-06;
1.715;7.5019e-08;-1.9044e-06;
1.716;7.31396e-08;-1.85503e-06;
1.717;7.13089e-08;-1.80694e-06;
1.718;6.95257e-08;-1.76008e-06;
1.719;6.77888e-08;-1.71444e-06;
1.72;6.60969e-08;-1.66998e-06;
1.721;6.44488e-08;-1.62666e-06;
1.722;6.28435e-08;-1.58446e-06;
1.723;6.12799e-08;-1.54336e-06;
1.724;5.97568e-08;-1.50332e-06;
1.725;5.82733e-08;-1.46431e-06;
1.726;5.68282e-08;-1.42631e-06;
1.727;5.54206e-08;-1.3893e-06;
1.728;5.40496e-08;-1.35324e-06;
1.729;5.27142e-08;-1.31811e-06;
1.73;5.14134e-08;-1.2839e-06;
1.731;5.01464e-08;-1.25057e-06;
1.732;4.89122e-08;-1.2181e-06;
1.733;4.77102e-08;-1.18647e-06;
1.734;4.65393e-08;-1.15566e-06;
1.735;4.53988e-08;-1.12565e-06;
1.736;4.4288e-08;-1.09642e-06;
1.737;4.3206e-08;-1.06795e-06;
1.738;4.21521e-08;-1.04021e-06;
1.739;4.11256e-08;-1.01319e-06;
1.74;4.01257e-08;-9.8687e-07;
1.741;3.91518e-08;-9.61234e-07;
1.742;3.82033e-08;-9.36262e-07;
1.743;3.72793e-08;-9.11938e-07;
1.744;3.63794e-08;-8.88244e-07;
1.745;3.55028e-08;-8.65165e-07;
1.746;3.46491e-08;-8.42684e-07;
1.747;3.38175e-08;-8.20787e-07;
1.748;3.30075e-08;-7.99457e-07;
1.749;3.22185e-08;-7.78682e-07;
1.75;3.14501e-08;-7.58445e-07;
1.751;3.07017e-08;-7.38733e-07;
1.752;2.99727e-08;-7.19533e-07;
1.753;2.92626e-08;-7.00832e-07;
1.754;2.8571e-08;-6.82616e-07;
1.755;2.78974e-08;-6.64873e-07;
1.756;2.72412e-08;-6.47591e-07;
1.757;2.66022e-08;-6.30757e-07;
1.758;2.59797e-08;-6.14361e-07;
1.759;2.53735e-08;-5.98391e-07;
1.76;2.47829e-08;-5.82836e-07;
1.761;2.42078e-08;-5.67684e-07;
1.762;2.36476e-08;-5.52927e-07;
1.763;2.31019e-08;-5.38553e-07;
1.764;2.25705e-08;-5.24552e-07;
1.765;2.20528e-08;-5.10916e-07;
1.766;2.15486e-08;-4.97633e-07;
1.767;2.10576e-08;-4.84697e-07;
1.768;2.05792e-08;-4.72096e-07;
1.769;2.01134e-08;-4.59823e-07;
1.77;1.96596e-08;-4.47869e-07;
1.771;1.92176e-08;-4.36227e-07;
1.772;1.87871e-08;-4.24887e-07;
1.773;1.83679e-08;-4.13841e-07;
1.774;1.79595e-08;-4.03083e-07;
1.775;1.75617e-08;-3.92605e-07;
1.776;1.71743e-08;-3.824e-07;
1.777;1.67969e-08;-3.7246e-07;
1.778;1.64293e-08;-3.62779e-07;
1.779;1.60713e-08;-3.5335e-07;
1.78;1.57226e-08;-3.44166e-07;
1.781;1.5383e-08;-3.35221e-07;
1.782;1.50522e-08;-3.26509e-07;
1.783;1.473e-08;-3.18023e-07;
1.784;1.44161e-08;-3.09759e-07;
1.785;1.41105e-08;-3.01709e-07;
1.786;1.38127e-08;-2.93869e-07;
1.787;1.35227e-08;-2.86234e-07;
1.788;1.32403e-08;-2.78797e-07;
1.789;1.29651e-08;-2.71554e-07;
1.79;1.26972e-08;-2.64499e-07;
1.791;1.24361e-08;-2.57628e-07;
1.792;1.21819e-08;-2.50936e-07;
1.793;1.19343e-08;-2.44418e-07;
1.794;1.16931e-08;-2.3807e-07;
1.795;1.14581e-08;-2.31888e-07;
1.796;1.12293e-08;-2.25866e-07;
1.797;1.10064e-08;-2.20002e-07;
1.798;1.07893e-08;-2.1429e-07;
1.799;1.05778e-08;-2.08727e-07;
1.8;1.03718e-08;-2.03237e-07;
